sector,sector_score
1,0.0
2,65.51677547111744
3,65.16080225186042
4,65.94947111807534
5,62.4751530302778
6,51.62595807421447
7,74.62072462711623
8,55.8433658769747
9,74.726923948298
632,72.163593539578
633,67.16695324285868
634,67.05133975155435
