sector,sector_score
1,0.0
2,65.51677547111744
3,65.16080225186042
4,66.04783078063632
5,62.91038017775365
6,50.66749334433349
7,74.62072462711623
8,56.23157413907546
9,74.60594072338687
632,72.163593539578
633,67.20448533146354
634,67.05133975155435
